"Gene","Sample","Contribution","Scaled.Expression","Supports"
"TBX2","BBN963_MP1_rep_1",-0.196697170949357,0.658012311878082,"Luminal"
"TBX2","BBN963_MP1_rep_2",0.424739673864831,-1.29894177041529,"Basal"
"TBX2","BBN963_MP1_rep_3",-0.29728738900575,0.974778914159444,"Luminal"
"TBX2","UPPL1541_PARENTAL_rep_1",-0.0203316802954575,0.102623345499656,"Luminal"
"TBX2","UPPL1541_PARENTAL_rep_2",-0.0987222213648761,0.349481398154797,"Luminal"
"TBX2","UPPL1541_PARENTAL_rep_3",0.542903672909516,-1.67104960766422,"Basal"
"TBX2","UPPL1541_MP1_rep_1",-0.187132345035628,0.627891913844885,"Luminal"
"TBX2","UPPL1541_MP1_rep_2",0.252620635825753,-0.75692522128117,"Basal"
"TBX2","UPPL1541_MP1_rep_3",-0.0898907957337903,0.321670535980393,"Luminal"
"TBX2","BBN963_PARENTAL_rep_1",0.142267839016319,-0.409415481537167,"Basal"
"TBX2","BBN963_PARENTAL_rep_2",0.528353256115961,-1.62522918716481,"Basal"
"TBX2","BBN963_PARENTAL_rep_3",-0.228088366362764,0.756865684549771,"Luminal"
"SCNN1G","BBN963_MP1_rep_1",-0.365378703972788,1.19964475361962,"Luminal"
"SCNN1G","BBN963_MP1_rep_2",-0.363767720877933,1.19491009209148,"Luminal"
"SCNN1G","BBN963_MP1_rep_3",-0.319708456014548,1.0654203991373,"Luminal"
"SCNN1G","UPPL1541_PARENTAL_rep_1",0.0390768872725039,0.0109542367363882,"Basal"
"SCNN1G","UPPL1541_PARENTAL_rep_2",0.0345338457816115,0.0243061855162377,"Basal"
"SCNN1G","UPPL1541_PARENTAL_rep_3",0.0502171365336586,-0.0217868328373514,"Basal"
"SCNN1G","UPPL1541_MP1_rep_1",-0.106497081301335,0.438794523023431,"Luminal"
"SCNN1G","UPPL1541_MP1_rep_2",-0.151154346602147,0.570041732660397,"Luminal"
"SCNN1G","UPPL1541_MP1_rep_3",-0.0847454066173539,0.374866591297802,"Luminal"
"SCNN1G","BBN963_PARENTAL_rep_1",0.105640858886784,-0.184676540873491,"Basal"
"SCNN1G","BBN963_PARENTAL_rep_2",-0.656163406337917,2.05425778317845,"Luminal"
"SCNN1G","BBN963_PARENTAL_rep_3",-0.959898409867893,2.94693160487031,"Luminal"
"TMPRSS2","BBN963_MP1_rep_1",-0.636836708056825,2.00171081905301,"Luminal"
"TMPRSS2","BBN963_MP1_rep_2",-0.637745854612155,2.00456428223485,"Luminal"
"TMPRSS2","BBN963_MP1_rep_3",-0.592784286891343,1.8634471242397,"Luminal"
"TMPRSS2","UPPL1541_PARENTAL_rep_1",0.98320060867827,-3.0829664636282,"Basal"
"TMPRSS2","UPPL1541_PARENTAL_rep_2",1.00256951308368,-3.14375804367593,"Basal"
"TMPRSS2","UPPL1541_PARENTAL_rep_3",1.00373588197831,-3.14741882936309,"Basal"
"TMPRSS2","UPPL1541_MP1_rep_1",0.699703454002725,-2.19317736606064,"Basal"
"TMPRSS2","UPPL1541_MP1_rep_2",0.424158682906025,-1.32834775782632,"Basal"
"TMPRSS2","UPPL1541_MP1_rep_3",0.837520131495628,-2.62573118564487,"Basal"
"TMPRSS2","BBN963_PARENTAL_rep_1",-0.934771349445904,2.93681366337999,"Luminal"
"TMPRSS2","BBN963_PARENTAL_rep_2",-0.733769455116124,2.30594562391146,"Luminal"
"TMPRSS2","BBN963_PARENTAL_rep_3",-0.841998858305064,2.64563631006306,"Luminal"
"FAP","BBN963_MP1_rep_1",0.203647363328658,0.353388814427552,"Basal"
"FAP","BBN963_MP1_rep_2",-0.543163424938081,-0.788500812890728,"Luminal"
"FAP","BBN963_MP1_rep_3",0.165930074136027,0.295718274611721,"Basal"
"FAP","UPPL1541_PARENTAL_rep_1",0.0902034716015538,0.17993068382603,"Basal"
"FAP","UPPL1541_PARENTAL_rep_2",0.0230572113856288,0.0772626194937918,"Basal"
"FAP","UPPL1541_PARENTAL_rep_3",-0.715259962761679,-1.0516400906377,"Luminal"
"FAP","UPPL1541_MP1_rep_1",0.251111858271754,0.425963039777473,"Basal"
"FAP","UPPL1541_MP1_rep_2",-0.196574886602292,-0.258559543842421,"Luminal"
"FAP","UPPL1541_MP1_rep_3",0.225003476178968,0.386042766575467,"Basal"
"FAP","BBN963_PARENTAL_rep_1",0.653959473451429,1.04192563752087,"Basal"
"FAP","BBN963_PARENTAL_rep_2",-0.728875096134643,-1.07245792002287,"Luminal"
"FAP","BBN963_PARENTAL_rep_3",-0.975116282971409,-1.44896594787291,"Luminal"
"PPARG","BBN963_MP1_rep_1",-0.0903773874268183,0.00779181283660239,"Luminal"
"PPARG","BBN963_MP1_rep_2",-0.118435930015631,0.0774960519695809,"Luminal"
"PPARG","BBN963_MP1_rep_3",-0.152211735089788,0.161403360638442,"Luminal"
"PPARG","UPPL1541_PARENTAL_rep_1",-0.10251912085791,0.0379548296038085,"Luminal"
"PPARG","UPPL1541_PARENTAL_rep_2",-0.05885525312391,-0.0705168299048013,"Luminal"
"PPARG","UPPL1541_PARENTAL_rep_3",0.0298808542645429,-0.290958887062843,"Basal"
"PPARG","UPPL1541_MP1_rep_1",-0.0407110904420713,-0.115591339760021,"Luminal"
"PPARG","UPPL1541_MP1_rep_2",0.0188230817949142,-0.263488692769559,"Basal"
"PPARG","UPPL1541_MP1_rep_3",0.071571635636006,-0.39452892050841,"Basal"
"PPARG","BBN963_PARENTAL_rep_1",-0.10225481775208,0.0372982364527544,"Luminal"
"PPARG","BBN963_PARENTAL_rep_2",-0.039732090994295,-0.11802341232412,"Luminal"
"PPARG","BBN963_PARENTAL_rep_3",-0.0509605205857411,-0.0901292642637704,"Luminal"
"TUBB6","BBN963_MP1_rep_1",0.323155578216103,0.354730501028332,"Basal"
"TUBB6","BBN963_MP1_rep_2",0.333138143481966,0.368837217762442,"Basal"
"TUBB6","BBN963_MP1_rep_3",0.282644622348738,0.297483033686126,"Basal"
"TUBB6","UPPL1541_PARENTAL_rep_1",-0.222899544270977,-0.416919343373551,"Luminal"
"TUBB6","UPPL1541_PARENTAL_rep_2",-0.221615747194562,-0.41510516423034,"Luminal"
"TUBB6","UPPL1541_PARENTAL_rep_3",-0.284576682290099,-0.504077492790481,"Luminal"
"TUBB6","UPPL1541_MP1_rep_1",-0.150771541809728,-0.314992707061191,"Luminal"
"TUBB6","UPPL1541_MP1_rep_2",-0.215153869901841,-0.405973656435374,"Luminal"
"TUBB6","UPPL1541_MP1_rep_3",-0.0986406894418999,-0.241324752194375,"Luminal"
"TUBB6","BBN963_PARENTAL_rep_1",0.34785507313768,0.389634232589775,"Basal"
"TUBB6","BBN963_PARENTAL_rep_2",0.188070168073337,0.163836520869586,"Basal"
"TUBB6","BBN963_PARENTAL_rep_3",0.246085721342493,0.245820355119018,"Basal"
"UPK1A","BBN963_MP1_rep_1",-0.159695890226338,0.765093489580283,"Luminal"
"UPK1A","BBN963_MP1_rep_2",-0.0921091357377442,0.51324673703501,"Luminal"
"UPK1A","BBN963_MP1_rep_3",-0.138745930548432,0.687028203700557,"Luminal"
"UPK1A","UPPL1541_PARENTAL_rep_1",0.0684718582953462,-0.0851220139685787,"Basal"
"UPK1A","UPPL1541_PARENTAL_rep_2",0.0882188192721349,-0.1587045973057,"Basal"
"UPK1A","UPPL1541_PARENTAL_rep_3",-0.287137587401096,1.2399761469172,"Luminal"
"UPK1A","UPPL1541_MP1_rep_1",-0.0893071432500175,0.502805745837403,"Luminal"
"UPK1A","UPPL1541_MP1_rep_2",0.282439486365841,-0.88242398070917,"Basal"
"UPK1A","UPPL1541_MP1_rep_3",0.0873734326666135,-0.155554455345832,"Basal"
"UPK1A","BBN963_PARENTAL_rep_1",0.205028947319079,-0.593971117138154,"Basal"
"UPK1A","BBN963_PARENTAL_rep_2",0.519138253800447,-1.76442839652906,"Basal"
"UPK1A","BBN963_PARENTAL_rep_3",0.00952082437981013,0.134545679252579,"Basal"
"GATA3","BBN963_MP1_rep_1",-0.202403730434292,0.205892053986261,"Luminal"
"GATA3","BBN963_MP1_rep_2",-0.22980248761503,0.265104775734416,"Luminal"
"GATA3","BBN963_MP1_rep_3",-0.175663807531254,0.148103169476645,"Luminal"
"GATA3","UPPL1541_PARENTAL_rep_1",-0.0163090691795569,-0.196285728130091,"Luminal"
"GATA3","UPPL1541_PARENTAL_rep_2",-5.13271493256459e-05,-0.231421086596866,"Luminal"
"GATA3","UPPL1541_PARENTAL_rep_3",0.0379822901795873,-0.313617296633575,"Basal"
"GATA3","UPPL1541_MP1_rep_1",-0.0639585197752469,-0.0933082959435473,"Luminal"
"GATA3","UPPL1541_MP1_rep_2",-0.125305710573024,0.039271956320358,"Luminal"
"GATA3","UPPL1541_MP1_rep_3",-0.0940433445593855,-0.0282905892266324,"Luminal"
"GATA3","BBN963_PARENTAL_rep_1",-0.163106298231147,0.120964555154392,"Luminal"
"GATA3","BBN963_PARENTAL_rep_2",-0.107251014742689,0.000253117860022482,"Luminal"
"GATA3","BBN963_PARENTAL_rep_3",-0.0968795359488993,-0.0221611647982187,"Luminal"
"RAB15","BBN963_MP1_rep_1",-0.175286958968533,0.272212125887952,"Luminal"
"RAB15","BBN963_MP1_rep_2",-0.324388542936629,0.636640731047941,"Luminal"
"RAB15","BBN963_MP1_rep_3",-0.233730968638319,0.415058823804149,"Luminal"
"RAB15","UPPL1541_PARENTAL_rep_1",-0.525398517497819,1.12794191446296,"Luminal"
"RAB15","UPPL1541_PARENTAL_rep_2",-0.478280041279139,1.01277666867112,"Luminal"
"RAB15","UPPL1541_PARENTAL_rep_3",-0.620506007005329,1.36040014072101,"Luminal"
"RAB15","UPPL1541_MP1_rep_1",0.657445256390586,-1.76312131349419,"Basal"
"RAB15","UPPL1541_MP1_rep_2",0.554075487431875,-1.51046872782217,"Basal"
"RAB15","UPPL1541_MP1_rep_3",0.554986413882301,-1.51269518073365,"Basal"
"RAB15","BBN963_PARENTAL_rep_1",0.368827697747528,-1.05769289669429,"Basal"
"RAB15","BBN963_PARENTAL_rep_2",0.12424759937967,-0.459899219886926,"Basal"
"RAB15","BBN963_PARENTAL_rep_3",0.192108684362486,-0.625762786770444,"Basal"
"SEMA5A","BBN963_MP1_rep_1",0.475084151985368,-1.26800035445688,"Basal"
"SEMA5A","BBN963_MP1_rep_2",0.563796817228731,-1.51169203097479,"Basal"
"SEMA5A","BBN963_MP1_rep_3",0.665362823080444,-1.79069154220956,"Basal"
"SEMA5A","UPPL1541_PARENTAL_rep_1",-0.0542685510372999,0.186119497708557,"Luminal"
"SEMA5A","UPPL1541_PARENTAL_rep_2",-0.215881851086498,0.630067562266653,"Luminal"
"SEMA5A","UPPL1541_PARENTAL_rep_3",-0.147917559189223,0.443371196078525,"Luminal"
"SEMA5A","UPPL1541_MP1_rep_1",-0.39069672094963,1.11028003926011,"Luminal"
"SEMA5A","UPPL1541_MP1_rep_2",-0.484938621991082,1.36916040093141,"Luminal"
"SEMA5A","UPPL1541_MP1_rep_3",-0.428729058754716,1.21475400739298,"Luminal"
"SEMA5A","BBN963_PARENTAL_rep_1",0.476133373023683,-1.27088254081847,"Basal"
"SEMA5A","BBN963_PARENTAL_rep_2",0.116607048459624,-0.283271893060457,"Basal"
"SEMA5A","BBN963_PARENTAL_rep_3",0.217171021447201,-0.559518842776333,"Basal"
"SPINK1","BBN963_MP1_rep_1",-0.120736367592003,0.0250611640597118,"Luminal"
"SPINK1","BBN963_MP1_rep_2",-0.131750864171278,0.0601772725622125,"Luminal"
"SPINK1","BBN963_MP1_rep_3",-0.0904429129935775,-0.071519576688402,"Luminal"
"SPINK1","UPPL1541_PARENTAL_rep_1",-0.116311597611134,0.0109542367363882,"Luminal"
"SPINK1","UPPL1541_PARENTAL_rep_2",-0.120499561495339,0.0243061855162377,"Luminal"
"SPINK1","UPPL1541_PARENTAL_rep_3",-0.106042054253388,-0.0217868328373514,"Luminal"
"SPINK1","UPPL1541_MP1_rep_1",-0.250507713602999,0.438794523023431,"Luminal"
"SPINK1","UPPL1541_MP1_rep_2",-0.291674631101353,0.570041732660397,"Luminal"
"SPINK1","UPPL1541_MP1_rep_3",-0.230456118613141,0.374866591297802,"Luminal"
"SPINK1","BBN963_PARENTAL_rep_1",-0.0549501705432288,-0.184676540873491,"Luminal"
"SPINK1","BBN963_PARENTAL_rep_2",-0.0647603851424896,-0.153399890341075,"Luminal"
"SPINK1","BBN963_PARENTAL_rep_3",-0.0231177455782796,-0.286163783701296,"Luminal"
"SLC9A2","BBN963_MP1_rep_1",-0.378021936722721,1.68064164262122,"Luminal"
"SLC9A2","BBN963_MP1_rep_2",-0.375209466737032,1.66924502481214,"Luminal"
"SLC9A2","BBN963_MP1_rep_3",-0.313303382865715,1.41839080004587,"Luminal"
"SLC9A2","UPPL1541_PARENTAL_rep_1",0.513429009722788,-1.93167272300057,"Basal"
"SLC9A2","UPPL1541_PARENTAL_rep_2",0.571903478803431,-2.16862144746414,"Basal"
"SLC9A2","UPPL1541_PARENTAL_rep_3",0.440396986001865,-1.63573425382351,"Basal"
"SLC9A2","UPPL1541_MP1_rep_1",0.559493508685564,-2.11833408895894,"Basal"
"SLC9A2","UPPL1541_MP1_rep_2",0.462949368424498,-1.72712043197398,"Basal"
"SLC9A2","UPPL1541_MP1_rep_3",0.668622305249453,-2.5605429632695,"Basal"
"SLC9A2","BBN963_PARENTAL_rep_1",-0.461201580567792,2.01770003443394,"Luminal"
"SLC9A2","BBN963_PARENTAL_rep_2",-0.280857244811253,1.2869134023602,"Luminal"
"SLC9A2","BBN963_PARENTAL_rep_3",-0.450958038842094,1.97619142077648,"Luminal"
"PRRX1","BBN963_MP1_rep_1",-2.40058954819874,-3.70255291771488,"Luminal"
"PRRX1","BBN963_MP1_rep_2",-2.41271856226627,-3.72131860603971,"Luminal"
"PRRX1","BBN963_MP1_rep_3",-2.93556695185821,-4.53025574351856,"Luminal"
"PRRX1","UPPL1541_PARENTAL_rep_1",1.03158476926629,1.607616001167,"Basal"
"PRRX1","UPPL1541_PARENTAL_rep_2",0.957443789407585,1.49290704688757,"Basal"
"PRRX1","UPPL1541_PARENTAL_rep_3",0.991361813759936,1.54538411304042,"Basal"
"PRRX1","UPPL1541_MP1_rep_1",0.97787770920757,1.52452186471912,"Basal"
"PRRX1","UPPL1541_MP1_rep_2",1.0041909736744,1.56523304841835,"Basal"
"PRRX1","UPPL1541_MP1_rep_3",0.969075355849396,1.51090309746195,"Basal"
"PRRX1","BBN963_PARENTAL_rep_1",-1.07276778882595,-1.64818236883081,"Luminal"
"PRRX1","BBN963_PARENTAL_rep_2",-1.2415147391446,-1.90926316713945,"Luminal"
"PRRX1","BBN963_PARENTAL_rep_3",-1.25022583999628,-1.92274075094294,"Luminal"
"SLC27A2","BBN963_MP1_rep_1",-0.00883408538186913,0.0250611640597118,"Luminal"
"SLC27A2","BBN963_MP1_rep_2",-0.0171437240960583,0.0601772725622125,"Luminal"
"SLC27A2","BBN963_MP1_rep_3",0.0140201287264066,-0.071519576688402,"Basal"
"SLC27A2","UPPL1541_PARENTAL_rep_1",-0.00549591738937091,0.0109542367363882,"Luminal"
"SLC27A2","UPPL1541_PARENTAL_rep_2",-0.38664392891406,1.62166625305531,"Luminal"
"SLC27A2","UPPL1541_PARENTAL_rep_3",-0.274665984474053,1.148453183018,"Luminal"
"SLC27A2","UPPL1541_MP1_rep_1",-0.106737152766218,0.438794523023431,"Luminal"
"SLC27A2","UPPL1541_MP1_rep_2",-0.137794605907729,0.570041732660397,"Luminal"
"SLC27A2","UPPL1541_MP1_rep_3",-0.264473145858027,1.10537876798024,"Luminal"
"SLC27A2","BBN963_PARENTAL_rep_1",0.040796828379945,-0.184676540873491,"Basal"
"SLC27A2","BBN963_PARENTAL_rep_2",-0.277869143317976,1.16198956857974,"Luminal"
"SLC27A2","BBN963_PARENTAL_rep_3",0.0648120839979812,-0.286163783701296,"Basal"
"HMGCS2","BBN963_MP1_rep_1",0.0508703346730986,0.0250611640597118,"Basal"
"HMGCS2","BBN963_MP1_rep_2",0.0404723927192882,0.0601772725622125,"Basal"
"HMGCS2","BBN963_MP1_rep_3",0.0794680631509961,-0.071519576688402,"Basal"
"HMGCS2","UPPL1541_PARENTAL_rep_1",0.0550474208512011,0.0109542367363882,"Basal"
"HMGCS2","UPPL1541_PARENTAL_rep_2",0.0510938851576535,0.0243061855162377,"Basal"
"HMGCS2","UPPL1541_PARENTAL_rep_3",0.0647421095696042,-0.0217868328373514,"Basal"
"HMGCS2","UPPL1541_MP1_rep_1",-0.0716368460571757,0.438794523023431,"Luminal"
"HMGCS2","UPPL1541_MP1_rep_2",-0.110499377402515,0.570041732660397,"Luminal"
"HMGCS2","UPPL1541_MP1_rep_3",-0.0527076721920559,0.374866591297802,"Luminal"
"HMGCS2","BBN963_PARENTAL_rep_1",0.112974040761874,-0.184676540873491,"Basal"
"HMGCS2","BBN963_PARENTAL_rep_2",0.103712969116578,-0.153399890341075,"Basal"
"HMGCS2","BBN963_PARENTAL_rep_3",0.143024593199957,-0.286163783701296,"Basal"
"PDGFC","BBN963_MP1_rep_1",-0.0178962948430013,0.0214822104995731,"Luminal"
"PDGFC","BBN963_MP1_rep_2",-0.010912627731925,0.0326019025138819,"Luminal"
"PDGFC","BBN963_MP1_rep_3",0.020202442968726,0.0821446424085049,"Basal"
"PDGFC","UPPL1541_PARENTAL_rep_1",0.0323422770834729,0.101474202983734,"Basal"
"PDGFC","UPPL1541_PARENTAL_rep_2",0.0383518638595645,0.111042922829704,"Basal"
"PDGFC","UPPL1541_PARENTAL_rep_3",0.0181758442832058,0.0789178057249741,"Basal"
"PDGFC","UPPL1541_MP1_rep_1",0.0856415432881726,0.186339563167488,"Basal"
"PDGFC","UPPL1541_MP1_rep_2",0.168557808601018,0.318362369895094,"Basal"
"PDGFC","UPPL1541_MP1_rep_3",0.205955634400027,0.377908779865036,"Basal"
"PDGFC","BBN963_PARENTAL_rep_1",-0.207387512268281,-0.280233771043083,"Luminal"
"PDGFC","BBN963_PARENTAL_rep_2",-0.148132760167702,-0.185885832737485,"Luminal"
"PDGFC","BBN963_PARENTAL_rep_3",-0.12511570457281,-0.149237097163377,"Luminal"
"CYP4B1","BBN963_MP1_rep_1",-0.0338414621842241,0.0250611640597118,"Luminal"
"CYP4B1","BBN963_MP1_rep_2",-0.0418485717088644,0.0601772725622125,"Luminal"
"CYP4B1","BBN963_MP1_rep_3",-0.0118193019244687,-0.071519576688402,"Luminal"
"CYP4B1","UPPL1541_PARENTAL_rep_1",-0.605081603063681,2.53030112691736,"Luminal"
"CYP4B1","UPPL1541_PARENTAL_rep_2",-0.664203646550106,2.78958771311553,"Luminal"
"CYP4B1","UPPL1541_PARENTAL_rep_3",-0.416586792202022,1.70363524829947,"Luminal"
"CYP4B1","UPPL1541_MP1_rep_1",-0.128180170557445,0.438794523023431,"Luminal"
"CYP4B1","UPPL1541_MP1_rep_2",-0.158106914356285,0.570041732660397,"Luminal"
"CYP4B1","UPPL1541_MP1_rep_3",-0.113603442872076,0.374866591297802,"Luminal"
"CYP4B1","BBN963_PARENTAL_rep_1",0.013982537867696,-0.184676540873491,"Basal"
"CYP4B1","BBN963_PARENTAL_rep_2",0.00685089438393371,-0.153399890341075,"Basal"
"CYP4B1","BBN963_PARENTAL_rep_3",0.0371234695748106,-0.286163783701296,"Basal"
"GDPD3","BBN963_MP1_rep_1",0.00345602202946912,0.377946935391698,"Basal"
"GDPD3","BBN963_MP1_rep_2",-0.0393147911958206,0.574717652814513,"Luminal"
"GDPD3","BBN963_MP1_rep_3",-0.0107765396520734,0.443425030420896,"Luminal"
"GDPD3","UPPL1541_PARENTAL_rep_1",0.523374086562871,-2.01397977454582,"Basal"
"GDPD3","UPPL1541_PARENTAL_rep_2",0.267594817826284,-0.837245772644214,"Basal"
"GDPD3","UPPL1541_PARENTAL_rep_3",0.195580766673846,-0.505939083777938,"Basal"
"GDPD3","UPPL1541_MP1_rep_1",0.0437884087062815,0.192394404043563,"Basal"
"GDPD3","UPPL1541_MP1_rep_2",0.460578489748458,-1.72508335887375,"Basal"
"GDPD3","UPPL1541_MP1_rep_3",0.278430177988762,-0.887094756844606,"Basal"
"GDPD3","BBN963_PARENTAL_rep_1",0.0467283199188556,0.178869095665383,"Basal"
"GDPD3","BBN963_PARENTAL_rep_2",-0.0382143146585985,0.56965481810535,"Luminal"
"GDPD3","BBN963_PARENTAL_rep_3",0.0421292297662437,0.200027596067394,"Basal"
"SCNN1B","BBN963_MP1_rep_1",0.0742623571839239,0.0250611640597118,"Basal"
"SCNN1B","BBN963_MP1_rep_2",0.0598564059266964,0.0601772725622125,"Basal"
"SCNN1B","BBN963_MP1_rep_3",-0.352532212876907,1.0654203991373,"Luminal"
"SCNN1B","UPPL1541_PARENTAL_rep_1",0.0800495504714312,0.0109542367363882,"Basal"
"SCNN1B","UPPL1541_PARENTAL_rep_2",0.0745720778381007,0.0243061855162377,"Basal"
"SCNN1B","UPPL1541_PARENTAL_rep_3",0.093481171243283,-0.0217868328373514,"Basal"
"SCNN1B","UPPL1541_MP1_rep_1",-0.0954666605486623,0.438794523023431,"Luminal"
"SCNN1B","UPPL1541_MP1_rep_2",-0.149309212736431,0.570041732660397,"Luminal"
"SCNN1B","UPPL1541_MP1_rep_3",-0.069241013468514,0.374866591297802,"Luminal"
"SCNN1B","BBN963_PARENTAL_rep_1",0.160304668901218,-0.184676540873491,"Basal"
"SCNN1B","BBN963_PARENTAL_rep_2",-0.392148525938463,1.16198956857974,"Luminal"
"SCNN1B","BBN963_PARENTAL_rep_3",-0.518996104898732,1.47119465101492,"Luminal"
"CHST15","BBN963_MP1_rep_1",-1.71125750812357,-2.64683870347615,"Luminal"
"CHST15","BBN963_MP1_rep_2",-0.911587893905038,-1.48463726360233,"Luminal"
"CHST15","BBN963_MP1_rep_3",-0.512112604708852,-0.904059049746453,"Luminal"
"CHST15","UPPL1541_PARENTAL_rep_1",1.06838519145667,1.39296059656837,"Basal"
"CHST15","UPPL1541_PARENTAL_rep_2",1.16507255256415,1.53348136701996,"Basal"
"CHST15","UPPL1541_PARENTAL_rep_3",1.13265150905304,1.48636217831895,"Basal"
"CHST15","UPPL1541_MP1_rep_1",1.02650578297995,1.3320950741485,"Basal"
"CHST15","UPPL1541_MP1_rep_2",1.18704638188104,1.56541707598971,"Basal"
"CHST15","UPPL1541_MP1_rep_3",1.01286877319814,1.31227569859365,"Basal"
"CHST15","BBN963_PARENTAL_rep_1",-1.47623711774216,-2.30527134710248,"Luminal"
"CHST15","BBN963_PARENTAL_rep_2",-1.992208350042,-3.05515917383747,"Luminal"
"CHST15","BBN963_PARENTAL_rep_3",-1.40390174927198,-2.20014259405863,"Luminal"
"VGLL1","BBN963_MP1_rep_1",-0.0285476259441185,0.0250611640597118,"Luminal"
"VGLL1","BBN963_MP1_rep_2",-0.0390763288172728,0.0601772725622125,"Luminal"
"VGLL1","BBN963_MP1_rep_3",0.000409737669609339,-0.071519576688402,"Basal"
"VGLL1","UPPL1541_PARENTAL_rep_1",-0.0243180101759055,0.0109542367363882,"Luminal"
"VGLL1","UPPL1541_PARENTAL_rep_2",-0.0283212641660394,0.0243061855162377,"Luminal"
"VGLL1","UPPL1541_PARENTAL_rep_3",-0.0145014044074552,-0.0217868328373514,"Luminal"
"VGLL1","UPPL1541_MP1_rep_1",-0.152595414580233,0.438794523023431,"Luminal"
"VGLL1","UPPL1541_MP1_rep_2",-0.191946667669675,0.570041732660397,"Luminal"
"VGLL1","UPPL1541_MP1_rep_3",-0.133428193975863,0.374866591297802,"Luminal"
"VGLL1","BBN963_PARENTAL_rep_1",0.0343370748586978,-0.184676540873491,"Basal"
"VGLL1","BBN963_PARENTAL_rep_2",-0.369427691239173,1.16198956857974,"Luminal"
"VGLL1","BBN963_PARENTAL_rep_3",0.0647655326439198,-0.286163783701296,"Basal"
"MSN","BBN963_MP1_rep_1",0.025616314864162,-0.0514875279261958,"Basal"
"MSN","BBN963_MP1_rep_2",0.0678235022627683,0.00681241506901489,"Basal"
"MSN","BBN963_MP1_rep_3",0.0252168004332266,-0.0520393692116463,"Basal"
"MSN","UPPL1541_PARENTAL_rep_1",0.0954311630619849,0.044946324244839,"Basal"
"MSN","UPPL1541_PARENTAL_rep_2",0.0618787010982272,-0.0013990197687884,"Basal"
"MSN","UPPL1541_PARENTAL_rep_3",0.13090471189269,0.0939452270889607,"Basal"
"MSN","UPPL1541_MP1_rep_1",0.214113298787338,0.208879582388603,"Basal"
"MSN","UPPL1541_MP1_rep_2",0.219723708770158,0.216629129381373,"Basal"
"MSN","UPPL1541_MP1_rep_3",0.229948198131795,0.230752011849449,"Basal"
"MSN","BBN963_PARENTAL_rep_1",0.167291667177297,0.144205799982095,"Basal"
"MSN","BBN963_PARENTAL_rep_2",-0.0172978341869664,-0.110763982899156,"Luminal"
"MSN","BBN963_PARENTAL_rep_3",-0.112474290636625,-0.242229316826724,"Luminal"
"RNF128","BBN963_MP1_rep_1",-0.116843198582382,0.199213917244164,"Luminal"
"RNF128","BBN963_MP1_rep_2",-0.128004643158901,0.237917549044818,"Luminal"
"RNF128","BBN963_MP1_rep_3",-0.0632294104297603,0.013301753108833,"Luminal"
"RNF128","UPPL1541_PARENTAL_rep_1",-0.0231587569280191,-0.125647986641303,"Luminal"
"RNF128","UPPL1541_PARENTAL_rep_2",0.0341253840791867,-0.324287534269731,"Basal"
"RNF128","UPPL1541_PARENTAL_rep_3",0.0618886221256905,-0.420559852389403,"Basal"
"RNF128","UPPL1541_MP1_rep_1",0.532744288667258,-2.0533076767538,"Basal"
"RNF128","UPPL1541_MP1_rep_2",0.487996141073146,-1.89813817191325,"Basal"
"RNF128","UPPL1541_MP1_rep_3",0.383369896980286,-1.53533427137029,"Basal"
"RNF128","BBN963_PARENTAL_rep_1",-0.0874689068831674,0.09735507965937,"Luminal"
"RNF128","BBN963_PARENTAL_rep_2",-0.113577296838685,0.187889015909163,"Luminal"
"RNF128","BBN963_PARENTAL_rep_3",-0.0957014224353485,0.125902302963697,"Luminal"
"MT2A","BBN963_MP1_rep_1",0.160748283907487,0.170583353049113,"Basal"
"MT2A","BBN963_MP1_rep_2",0.169588305029601,0.183428653598968,"Basal"
"MT2A","BBN963_MP1_rep_3",0.204447803795683,0.234082462281331,"Basal"
"MT2A","UPPL1541_PARENTAL_rep_1",-0.0729961818222627,-0.169067183152988,"Luminal"
"MT2A","UPPL1541_PARENTAL_rep_2",-0.293372678729374,-0.489292926710835,"Luminal"
"MT2A","UPPL1541_PARENTAL_rep_3",-0.254088245547291,-0.43220931297464,"Luminal"
"MT2A","UPPL1541_MP1_rep_1",-0.75047127582619,-1.1534959619205,"Luminal"
"MT2A","UPPL1541_MP1_rep_2",-0.735843747411411,-1.13224092234606,"Luminal"
"MT2A","UPPL1541_MP1_rep_3",-0.585278638234703,-0.913457046948035,"Luminal"
"MT2A","BBN963_PARENTAL_rep_1",0.679109733328055,0.923806509338737,"Basal"
"MT2A","BBN963_PARENTAL_rep_2",0.473221988261903,0.624634151221769,"Basal"
"MT2A","BBN963_PARENTAL_rep_3",0.60944828338123,0.822582513497009,"Basal"
"MT1X","BBN963_MP1_rep_1",0.254102374270339,0.320080264453907,"Basal"
"MT1X","BBN963_MP1_rep_2",0.223650415920216,0.272294682323977,"Basal"
"MT1X","BBN963_MP1_rep_3",0.273917364832202,0.351174187807243,"Basal"
"MT1X","UPPL1541_PARENTAL_rep_1",-0.140328364310064,-0.298865231145938,"Luminal"
"MT1X","UPPL1541_PARENTAL_rep_2",-0.244812524461478,-0.462823041635062,"Luminal"
"MT1X","UPPL1541_PARENTAL_rep_3",-0.27831412689915,-0.515394162229779,"Luminal"
"MT1X","UPPL1541_MP1_rep_1",-0.676770691444397,-1.14065703272788,"Luminal"
"MT1X","UPPL1541_MP1_rep_2",-0.686886973386159,-1.15653162496328,"Luminal"
"MT1X","UPPL1541_MP1_rep_3",-0.625859226580259,-1.06076614500077,"Luminal"
"MT1X","BBN963_PARENTAL_rep_1",0.420618780946864,0.581379828039767,"Basal"
"MT1X","BBN963_PARENTAL_rep_2",0.273667849486631,0.350782645302772,"Basal"
"MT1X","BBN963_PARENTAL_rep_3",0.360148769901192,0.486489553792132,"Basal"
"TRAK1","BBN963_MP1_rep_1",-0.164215704188638,0.537015370828191,"Luminal"
"TRAK1","BBN963_MP1_rep_2",-0.175537582550083,0.572809136735514,"Luminal"
"TRAK1","BBN963_MP1_rep_3",-0.162975835394145,0.533095564240531,"Luminal"
"TRAK1","UPPL1541_PARENTAL_rep_1",0.420466308787398,-1.31143860779376,"Basal"
"TRAK1","UPPL1541_PARENTAL_rep_2",0.267819544716027,-0.828850616185653,"Basal"
"TRAK1","UPPL1541_PARENTAL_rep_3",0.209303818460775,-0.64385496964965,"Basal"
"TRAK1","UPPL1541_MP1_rep_1",0.22049222684499,-0.679226774379851,"Basal"
"TRAK1","UPPL1541_MP1_rep_2",0.192960984974164,-0.59218761045295,"Basal"
"TRAK1","UPPL1541_MP1_rep_3",0.111543260116062,-0.334788008439754,"Basal"
"TRAK1","BBN963_PARENTAL_rep_1",-0.235673119647594,0.762925764812833,"Luminal"
"TRAK1","BBN963_PARENTAL_rep_2",-0.148806123807811,0.488298462266472,"Luminal"
"TRAK1","BBN963_PARENTAL_rep_3",-0.175530938882268,0.572788132986584,"Luminal"
"CAPN5","BBN963_MP1_rep_1",-0.176571564730107,0.718344725042792,"Luminal"
"CAPN5","BBN963_MP1_rep_2",-0.143856194590402,0.608516858826002,"Luminal"
"CAPN5","BBN963_MP1_rep_3",-0.116778451649295,0.517614915290319,"Luminal"
"CAPN5","UPPL1541_PARENTAL_rep_1",0.345421436710261,-1.03402357412295,"Basal"
"CAPN5","UPPL1541_PARENTAL_rep_2",0.208269683421544,-0.57359520827329,"Basal"
"CAPN5","UPPL1541_PARENTAL_rep_3",0.20574594687435,-0.565122841960822,"Basal"
"CAPN5","UPPL1541_MP1_rep_1",0.3670661363724,-1.10668639800802,"Basal"
"CAPN5","UPPL1541_MP1_rep_2",0.343737942054591,-1.02837196067551,"Basal"
"CAPN5","UPPL1541_MP1_rep_3",0.269348094637306,-0.778639856922931,"Basal"
"CAPN5","BBN963_PARENTAL_rep_1",-0.106293256931418,0.482415357473475,"Luminal"
"CAPN5","BBN963_PARENTAL_rep_2",-0.0613334778398214,0.33148212388565,"Luminal"
"CAPN5","BBN963_PARENTAL_rep_3",-0.126377528806528,0.549839712299407,"Luminal"
"PPFIBP2","BBN963_MP1_rep_1",-0.0421555824692465,0.0250611640597118,"Luminal"
"PPFIBP2","BBN963_MP1_rep_2",-0.571081189289919,1.6844003539365,"Luminal"
"PPFIBP2","BBN963_MP1_rep_3",-0.0113698171362533,-0.071519576688402,"Luminal"
"PPFIBP2","UPPL1541_PARENTAL_rep_1",-0.486646555051385,1.41951301294147,"Luminal"
"PPFIBP2","UPPL1541_PARENTAL_rep_2",-0.0419149279444334,0.0243061855162377,"Luminal"
"PPFIBP2","UPPL1541_PARENTAL_rep_3",-0.577212442161622,1.70363524829947,"Luminal"
"PPFIBP2","UPPL1541_MP1_rep_1",-0.174035893189859,0.438794523023431,"Luminal"
"PPFIBP2","UPPL1541_MP1_rep_2",-0.215871830305227,0.570041732660397,"Luminal"
"PPFIBP2","UPPL1541_MP1_rep_3",-0.386514136584483,1.10537876798024,"Luminal"
"PPFIBP2","BBN963_PARENTAL_rep_1",0.0246997317014543,-0.184676540873491,"Basal"
"PPFIBP2","BBN963_PARENTAL_rep_2",-0.404559212746346,1.16198956857974,"Luminal"
"PPFIBP2","BBN963_PARENTAL_rep_3",0.0570494778080592,-0.286163783701296,"Basal"
"PRKCDBP","BBN963_MP1_rep_1",-0.615573109693372,-0.837414530759856,"Luminal"
"PRKCDBP","BBN963_MP1_rep_2",-0.424960837038719,-0.578014893918167,"Luminal"
"PRKCDBP","BBN963_MP1_rep_3",-0.393805653055254,-0.535616556715143,"Luminal"
"PRKCDBP","UPPL1541_PARENTAL_rep_1",0.2541883889699,0.34622288014758,"Basal"
"PRKCDBP","UPPL1541_PARENTAL_rep_2",0.205709328476642,0.280248897931013,"Basal"
"PRKCDBP","UPPL1541_PARENTAL_rep_3",0.171451922849696,0.233628822240146,"Basal"
"PRKCDBP","UPPL1541_MP1_rep_1",0.739771520449018,1.00704123254373,"Basal"
"PRKCDBP","UPPL1541_MP1_rep_2",0.657616806907475,0.895238867665998,"Basal"
"PRKCDBP","UPPL1541_MP1_rep_3",0.674012393409386,0.91755122523443,"Basal"
"PRKCDBP","BBN963_PARENTAL_rep_1",-0.433412034468048,-0.589515924326725,"Luminal"
"PRKCDBP","BBN963_PARENTAL_rep_2",-0.433334986741219,-0.589411071936684,"Luminal"
"PRKCDBP","BBN963_PARENTAL_rep_3",-0.422416467428197,-0.574552322784795,"Luminal"
"TMEM97","BBN963_MP1_rep_1",0.0363586951557839,-0.184181378696576,"Basal"
"TMEM97","BBN963_MP1_rep_2",0.0223250269298036,-0.130355666522097,"Basal"
"TMEM97","BBN963_MP1_rep_3",0.0177554747152956,-0.112829286511985,"Basal"
"TMEM97","UPPL1541_PARENTAL_rep_1",-0.0796131306467804,0.260625069302629,"Luminal"
"TMEM97","UPPL1541_PARENTAL_rep_2",-0.038017061658508,0.101084598422207,"Luminal"
"TMEM97","UPPL1541_PARENTAL_rep_3",-0.0203922385154831,0.0334851196297495,"Luminal"
"TMEM97","UPPL1541_MP1_rep_1",-0.0835346817441111,0.275666060527693,"Luminal"
"TMEM97","UPPL1541_MP1_rep_2",-0.0611190432504476,0.189691553624826,"Luminal"
"TMEM97","UPPL1541_MP1_rep_3",-0.079858535372256,0.261566311742382,"Luminal"
"TMEM97","BBN963_PARENTAL_rep_1",0.000792580950819633,-0.0477686179319313,"Basal"
"TMEM97","BBN963_PARENTAL_rep_2",-0.00713272291124145,-0.0173713534601338,"Luminal"
"TMEM97","BBN963_PARENTAL_rep_3",0.0452981407955632,-0.218468353438886,"Basal"
"PLEKHG6","BBN963_MP1_rep_1",-0.127999723774169,0.567793355070803,"Luminal"
"PLEKHG6","BBN963_MP1_rep_2",-0.101310218725943,0.454719408754348,"Luminal"
"PLEKHG6","BBN963_MP1_rep_3",-0.114828433151222,0.511991278332157,"Luminal"
"PLEKHG6","UPPL1541_PARENTAL_rep_1",-0.0161183030101797,0.0937915426573872,"Luminal"
"PLEKHG6","UPPL1541_PARENTAL_rep_2",0.321177256718408,-1.33520985488124,"Basal"
"PLEKHG6","UPPL1541_PARENTAL_rep_3",0.0274067457966259,-0.0906086185036743,"Basal"
"PLEKHG6","UPPL1541_MP1_rep_1",0.27805442256944,-1.15251373426142,"Basal"
"PLEKHG6","UPPL1541_MP1_rep_2",0.184962030920003,-0.758114359794998,"Basal"
"PLEKHG6","UPPL1541_MP1_rep_3",0.411840300073183,-1.71931694411576,"Basal"
"PLEKHG6","BBN963_PARENTAL_rep_1",0.00446745815742303,0.00657698963578287,"Basal"
"PLEKHG6","BBN963_PARENTAL_rep_2",0.0920601487817669,-0.364522106412433,"Basal"
"PLEKHG6","BBN963_PARENTAL_rep_3",-0.173789826522755,0.76178974468773,"Luminal"
"EMP3","BBN963_MP1_rep_1",-0.932179356076642,-1.27779555864278,"Luminal"
"EMP3","BBN963_MP1_rep_2",-0.763256765091755,-1.06482905891586,"Luminal"
"EMP3","BBN963_MP1_rep_3",-0.867800744028228,-1.19663123606585,"Luminal"
"EMP3","UPPL1541_PARENTAL_rep_1",0.651652707814369,0.718995804996115,"Basal"
"EMP3","UPPL1541_PARENTAL_rep_2",0.538579946702109,0.576441099860849,"Basal"
"EMP3","UPPL1541_PARENTAL_rep_3",0.60339593421373,0.658156836673863,"Basal"
"EMP3","UPPL1541_MP1_rep_1",1.45757297012761,1.73504709998961,"Basal"
"EMP3","UPPL1541_MP1_rep_2",1.41476337592976,1.6810755774248,"Basal"
"EMP3","UPPL1541_MP1_rep_3",1.30991633709899,1.54889132227968,"Basal"
"EMP3","BBN963_PARENTAL_rep_1",-0.590547855084823,-0.847089017034084,"Luminal"
"EMP3","BBN963_PARENTAL_rep_2",-0.44726059342374,-0.666441855553204,"Luminal"
"EMP3","BBN963_PARENTAL_rep_3",-0.734988635908793,-1.02919045965673,"Luminal"
"CDK6","BBN963_MP1_rep_1",0.132582882810966,0.166586273706041,"Basal"
"CDK6","BBN963_MP1_rep_2",0.10289176089771,0.114243894456561,"Basal"
"CDK6","BBN963_MP1_rep_3",0.0887950194531308,0.0893927962383902,"Basal"
"CDK6","UPPL1541_PARENTAL_rep_1",-0.0304737367985028,-0.120865694180914,"Luminal"
"CDK6","UPPL1541_PARENTAL_rep_2",-0.0485631295796864,-0.152755424050729,"Luminal"
"CDK6","UPPL1541_PARENTAL_rep_3",-0.0114878609598826,-0.0873955573355657,"Luminal"
"CDK6","UPPL1541_MP1_rep_1",-0.109373937570157,-0.259958593523534,"Luminal"
"CDK6","UPPL1541_MP1_rep_2",-0.0335571264478525,-0.126301391453374,"Luminal"
"CDK6","UPPL1541_MP1_rep_3",-0.0441875815804315,-0.145041785156571,"Luminal"
"CDK6","BBN963_PARENTAL_rep_1",0.331649702381678,0.51752050234177,"Basal"
"CDK6","BBN963_PARENTAL_rep_2",0.194837529415168,0.276334781428971,"Basal"
"CDK6","BBN963_PARENTAL_rep_3",0.15211079881217,0.201011971336235,"Basal"
"UPK2","BBN963_MP1_rep_1",-0.174092920338227,0.538349173001464,"Luminal"
"UPK2","BBN963_MP1_rep_2",-0.26876350033281,0.756134030643332,"Luminal"
"UPK2","BBN963_MP1_rep_3",-0.378087590271076,1.00762854314547,"Luminal"
"UPK2","UPPL1541_PARENTAL_rep_1",0.381994610686047,-0.740901928950899,"Basal"
"UPK2","UPPL1541_PARENTAL_rep_2",0.818843936447009,-1.74585159998113,"Basal"
"UPK2","UPPL1541_PARENTAL_rep_3",0.849630254705978,-1.81667396042014,"Basal"
"UPK2","UPPL1541_MP1_rep_1",0.494881027730737,-1.00059139390596,"Basal"
"UPK2","UPPL1541_MP1_rep_2",0.439892003148855,-0.874091937674513,"Basal"
"UPK2","UPPL1541_MP1_rep_3",0.124401093533728,-0.148321134941862,"Basal"
"UPK2","BBN963_PARENTAL_rep_1",-1.09805221166897,2.66387056244327,"Luminal"
"UPK2","BBN963_PARENTAL_rep_2",-0.575717542954923,1.46226620474513,"Luminal"
"UPK2","BBN963_PARENTAL_rep_3",-0.197606929495313,0.59244195596697,"Luminal"
"GAREM","BBN963_MP1_rep_1",-0.26299278639398,0.952553087983741,"Luminal"
"GAREM","BBN963_MP1_rep_2",-0.276523066848739,1.00188862387147,"Luminal"
"GAREM","BBN963_MP1_rep_3",-0.15478975874597,0.558011794361758,"Luminal"
"GAREM","UPPL1541_PARENTAL_rep_1",0.379701110037906,-1.39090519421944,"Basal"
"GAREM","UPPL1541_PARENTAL_rep_2",0.219399097574246,-0.806395086301192,"Basal"
"GAREM","UPPL1541_PARENTAL_rep_3",0.23841092360522,-0.875718011910794,"Basal"
"GAREM","UPPL1541_MP1_rep_1",0.119385263350422,-0.441714093610985,"Basal"
"GAREM","UPPL1541_MP1_rep_2",0.0603220798791774,-0.226351683531457,"Basal"
"GAREM","UPPL1541_MP1_rep_3",0.0958885559530435,-0.356037920458271,"Basal"
"GAREM","BBN963_PARENTAL_rep_1",-0.356047297386847,1.2918582621783,"Luminal"
"GAREM","BBN963_PARENTAL_rep_2",-0.183437724049253,0.6624710274912,"Luminal"
"GAREM","BBN963_PARENTAL_rep_3",-0.261321600575515,0.946459433961,"Luminal"
"TOX3","BBN963_MP1_rep_1",-0.142204149400089,0.743812070194606,"Luminal"
"TOX3","BBN963_MP1_rep_2",0.126948672217825,-0.0781636172604687,"Basal"
"TOX3","BBN963_MP1_rep_3",0.130557288647893,-0.0891841035144745,"Basal"
"TOX3","UPPL1541_PARENTAL_rep_1",-0.11831135589735,0.670844990575746,"Luminal"
"TOX3","UPPL1541_PARENTAL_rep_2",-0.134196217498865,0.719356352844017,"Luminal"
"TOX3","UPPL1541_PARENTAL_rep_3",0.231152450755964,-0.396395363762072,"Basal"
"TOX3","UPPL1541_MP1_rep_1",-0.0392858665933138,0.429506146321044,"Luminal"
"TOX3","UPPL1541_MP1_rep_2",-0.121106153753981,0.679380126398186,"Luminal"
"TOX3","UPPL1541_MP1_rep_3",0.331937120642603,-0.704185368774932,"Basal"
"TOX3","BBN963_PARENTAL_rep_1",-0.0402934544407632,0.432583255855323,"Luminal"
"TOX3","BBN963_PARENTAL_rep_2",0.172298377988705,-0.216658749330167,"Basal"
"TOX3","BBN963_PARENTAL_rep_3",0.190775306191775,-0.273086118995035,"Basal"
"GPD1L","BBN963_MP1_rep_1",-0.0431927820387371,0.07982878846596,"Luminal"
"GPD1L","BBN963_MP1_rep_2",-0.0390730541799712,0.0654188330427261,"Luminal"
"GPD1L","BBN963_MP1_rep_3",-0.0703970270702154,0.174983607343672,"Luminal"
"GPD1L","UPPL1541_PARENTAL_rep_1",0.117607535541299,-0.482617442888822,"Basal"
"GPD1L","UPPL1541_PARENTAL_rep_2",0.0611070002297967,-0.284990263827654,"Basal"
"GPD1L","UPPL1541_PARENTAL_rep_3",-0.0123229892645262,-0.0281473577870845,"Luminal"
"GPD1L","UPPL1541_MP1_rep_1",0.0143918455136827,-0.121590320888139,"Basal"
"GPD1L","UPPL1541_MP1_rep_2",0.0139366007397488,-0.119997968887244,"Basal"
"GPD1L","UPPL1541_MP1_rep_3",0.0588536467149489,-0.277108499591055,"Basal"
"GPD1L","BBN963_PARENTAL_rep_1",-0.102503973394365,0.287287060670744,"Luminal"
"GPD1L","BBN963_PARENTAL_rep_2",0.00722365107009835,-0.0965174602676646,"Basal"
"GPD1L","BBN963_PARENTAL_rep_3",-0.0738897922118639,0.187200576939828,"Luminal"
"CD14","BBN963_MP1_rep_1",0.647871865126514,0.787182438082735,"Basal"
"CD14","BBN963_MP1_rep_2",0.722353427295554,0.896090259600841,"Basal"
"CD14","BBN963_MP1_rep_3",0.620672336564293,0.747410965576453,"Basal"
"CD14","UPPL1541_PARENTAL_rep_1",-0.416820641085591,-0.769623542638363,"Luminal"
"CD14","UPPL1541_PARENTAL_rep_2",-0.463111499819936,-0.837310584023426,"Luminal"
"CD14","UPPL1541_PARENTAL_rep_3",-0.385225092246399,-0.723424157266509,"Luminal"
"CD14","UPPL1541_MP1_rep_1",-0.591432930424295,-1.02494369823617,"Luminal"
"CD14","UPPL1541_MP1_rep_2",-0.536851820079642,-0.945134552850843,"Luminal"
"CD14","UPPL1541_MP1_rep_3",-0.361606790531488,-0.68888919703178,"Luminal"
"CD14","BBN963_PARENTAL_rep_1",0.507985891478232,0.58263951219193,"Basal"
"CD14","BBN963_PARENTAL_rep_2",0.448033087990118,0.494975813530845,"Basal"
"CD14","BBN963_PARENTAL_rep_3",0.556269316055155,0.653240106929351,"Basal"
"CYP2J2","BBN963_MP1_rep_1",-0.0332369890453968,0.240689831466311,"Luminal"
"CYP2J2","BBN963_MP1_rep_2",-0.0273429948680997,0.218109282696424,"Luminal"
"CYP2J2","BBN963_MP1_rep_3",-0.00979943418054863,0.150897945904029,"Luminal"
"CYP2J2","UPPL1541_PARENTAL_rep_1",0.0335213453733451,-0.0150687900717484,"Basal"
"CYP2J2","UPPL1541_PARENTAL_rep_2",0.00924809180746584,0.0779247503798867,"Basal"
"CYP2J2","UPPL1541_PARENTAL_rep_3",0.0835868868237898,-0.206875460795509,"Basal"
"CYP2J2","UPPL1541_MP1_rep_1",0.472418231699263,-1.69653169086799,"Basal"
"CYP2J2","UPPL1541_MP1_rep_2",0.470693103641166,-1.68992253295599,"Basal"
"CYP2J2","UPPL1541_MP1_rep_3",0.26480324892251,-0.90113554643208,"Basal"
"CYP2J2","BBN963_PARENTAL_rep_1",0.0711153559384156,-0.159095635617349,"Basal"
"CYP2J2","BBN963_PARENTAL_rep_2",-0.0411713263361873,0.271087162166354,"Luminal"
"CYP2J2","BBN963_PARENTAL_rep_3",0.220222475248237,-0.730341632513948,"Basal"
"GLIPR1","BBN963_MP1_rep_1",-0.559618037766717,-0.725134429013474,"Luminal"
"GLIPR1","BBN963_MP1_rep_2",-0.662871400893641,-0.870983193090814,"Luminal"
"GLIPR1","BBN963_MP1_rep_3",-0.422859665046709,-0.531958739288748,"Luminal"
"GLIPR1","UPPL1541_PARENTAL_rep_1",0.82075475465483,1.22468744258201,"Basal"
"GLIPR1","UPPL1541_PARENTAL_rep_2",0.595399048154512,0.906365111226626,"Basal"
"GLIPR1","UPPL1541_PARENTAL_rep_3",0.794432862695766,1.18750690633461,"Basal"
"GLIPR1","UPPL1541_MP1_rep_1",0.614140363277177,0.932837833906512,"Basal"
"GLIPR1","UPPL1541_MP1_rep_2",0.722781352963774,1.0862967973153,"Basal"
"GLIPR1","UPPL1541_MP1_rep_3",0.650438150032309,0.984109648951133,"Basal"
"GLIPR1","BBN963_PARENTAL_rep_1",-0.839863626918926,-1.12099052103957,"Luminal"
"GLIPR1","BBN963_PARENTAL_rep_2",-0.616267924899667,-0.805154253775067,"Luminal"
"GLIPR1","BBN963_PARENTAL_rep_3",-0.96316823562905,-1.29516232756276,"Luminal"
"PALLD","BBN963_MP1_rep_1",-0.755962094559265,-1.09304155101621,"Luminal"
"PALLD","BBN963_MP1_rep_2",-0.821969342841746,-1.18493511215318,"Luminal"
"PALLD","BBN963_MP1_rep_3",-0.714830006874572,-1.03577853653378,"Luminal"
"PALLD","UPPL1541_PARENTAL_rep_1",1.49588863729805,2.04192602123729,"Basal"
"PALLD","UPPL1541_PARENTAL_rep_2",1.28189542861603,1.74401028445696,"Basal"
"PALLD","UPPL1541_PARENTAL_rep_3",1.34736962724749,1.83516174783997,"Basal"
"PALLD","UPPL1541_MP1_rep_1",1.03624624231728,1.40202392528035,"Basal"
"PALLD","UPPL1541_MP1_rep_2",1.09040834765731,1.47742698885107,"Basal"
"PALLD","UPPL1541_MP1_rep_3",1.00813581879781,1.36288933037621,"Basal"
"PALLD","BBN963_PARENTAL_rep_1",-1.06196930150155,-1.51905676466612,"Luminal"
"PALLD","BBN963_PARENTAL_rep_2",-0.881461682628088,-1.26775878842493,"Luminal"
"PALLD","BBN963_PARENTAL_rep_3",-1.09970997496677,-1.57159834115458,"Luminal"
"ALOX5AP","BBN963_MP1_rep_1",-1.19484998081382,-2.23566796941243,"Luminal"
"ALOX5AP","BBN963_MP1_rep_2",-1.1780216877093,-2.20702249983118,"Luminal"
"ALOX5AP","BBN963_MP1_rep_3",-1.13144526039037,-2.1277391391433,"Luminal"
"ALOX5AP","UPPL1541_PARENTAL_rep_1",0.250947962260433,0.225399278568018,"Basal"
"ALOX5AP","UPPL1541_PARENTAL_rep_2",0.376149503561194,0.438519939147176,"Basal"
"ALOX5AP","UPPL1541_PARENTAL_rep_3",0.679816061452286,0.955427452754245,"Basal"
"ALOX5AP","UPPL1541_MP1_rep_1",0.892388395724214,1.31727248940646,"Basal"
"ALOX5AP","UPPL1541_MP1_rep_2",0.999801994042606,1.50011414447689,"Basal"
"ALOX5AP","UPPL1541_MP1_rep_3",0.995463916999845,1.49272977975269,"Basal"
"ALOX5AP","BBN963_PARENTAL_rep_1",-0.887932932918674,-1.71322740429759,"Luminal"
"ALOX5AP","BBN963_PARENTAL_rep_2",-0.321682509504756,-0.74934418818522,"Luminal"
"ALOX5AP","BBN963_PARENTAL_rep_3",-0.167755255913089,-0.487326024305057,"Luminal"
"FBP1","BBN963_MP1_rep_1",-0.0296788176115402,0.0250611640597118,"Luminal"
"FBP1","BBN963_MP1_rep_2",-0.0410890356495571,0.0601772725622125,"Luminal"
"FBP1","BBN963_MP1_rep_3",0.00170299994181103,-0.071519576688402,"Basal"
"FBP1","UPPL1541_PARENTAL_rep_1",-0.0250950774572427,0.0109542367363882,"Luminal"
"FBP1","UPPL1541_PARENTAL_rep_2",-0.0294335037039798,0.0243061855162377,"Luminal"
"FBP1","UPPL1541_PARENTAL_rep_3",-0.0144565768213409,-0.0217868328373514,"Luminal"
"FBP1","UPPL1541_MP1_rep_1",-0.164112501658307,0.438794523023431,"Luminal"
"FBP1","UPPL1541_MP1_rep_2",-0.206758436606721,0.570041732660397,"Luminal"
"FBP1","UPPL1541_MP1_rep_3",-0.143340506388474,0.374866591297802,"Luminal"
"FBP1","BBN963_PARENTAL_rep_1",0.0384709018800337,-0.184676540873491,"Basal"
"FBP1","BBN963_PARENTAL_rep_2",0.028308232458725,-0.153399890341075,"Basal"
"FBP1","BBN963_PARENTAL_rep_3",0.0714469808968746,-0.286163783701296,"Basal"
"BHMT","BBN963_MP1_rep_1",0.159463440628546,0.0250611640597118,"Basal"
"BHMT","BBN963_MP1_rep_2",0.149958117292828,0.0601772725622125,"Basal"
"BHMT","BBN963_MP1_rep_3",0.185606177052446,-0.071519576688402,"Basal"
"BHMT","UPPL1541_PARENTAL_rep_1",0.163281941914704,0.0109542367363882,"Basal"
"BHMT","UPPL1541_PARENTAL_rep_2",0.159667800265,0.0243061855162377,"Basal"
"BHMT","UPPL1541_PARENTAL_rep_3",0.172144383282131,-0.0217868328373514,"Basal"
"BHMT","UPPL1541_MP1_rep_1",0.0474729747304582,0.438794523023431,"Basal"
"BHMT","UPPL1541_MP1_rep_2",0.0119466246389815,0.570041732660397,"Basal"
"BHMT","UPPL1541_MP1_rep_3",0.0647771603919342,0.374866591297802,"Basal"
"BHMT","BBN963_PARENTAL_rep_1",0.216235810520829,-0.184676540873491,"Basal"
"BHMT","BBN963_PARENTAL_rep_2",0.207769762064813,-0.153399890341075,"Basal"
"BHMT","BBN963_PARENTAL_rep_3",0.243706652213328,-0.286163783701296,"Basal"
"FAM174B","BBN963_MP1_rep_1",-0.0172437501984506,0.0250611640597118,"Luminal"
"FAM174B","BBN963_MP1_rep_2",-0.0290207213755628,0.0601772725622125,"Luminal"
"FAM174B","BBN963_MP1_rep_3",0.0151467579916492,-0.071519576688402,"Basal"
"FAM174B","UPPL1541_PARENTAL_rep_1",-0.0125126770935658,0.0109542367363882,"Luminal"
"FAM174B","UPPL1541_PARENTAL_rep_2",-0.0169905512841916,0.0243061855162377,"Luminal"
"FAM174B","UPPL1541_PARENTAL_rep_3",-0.00153222825908577,-0.0217868328373514,"Luminal"
"FAM174B","UPPL1541_MP1_rep_1",-0.155998471359497,0.438794523023431,"Luminal"
"FAM174B","UPPL1541_MP1_rep_2",-0.200015154041203,0.570041732660397,"Luminal"
"FAM174B","UPPL1541_MP1_rep_3",-0.134558811857035,0.374866591297802,"Luminal"
"FAM174B","BBN963_PARENTAL_rep_1",0.053096472881111,-0.184676540873491,"Basal"
"FAM174B","BBN963_PARENTAL_rep_2",0.0426071496746219,-0.153399890341075,"Basal"
"FAM174B","BBN963_PARENTAL_rep_3",0.0871324861125467,-0.286163783701296,"Basal"
"AHNAK2","BBN963_MP1_rep_1",-0.0450288853207206,-0.149076838881715,"Luminal"
"AHNAK2","BBN963_MP1_rep_2",0.0234555944041702,-0.0323493780620382,"Basal"
"AHNAK2","BBN963_MP1_rep_3",-0.108317628973518,-0.25694849644172,"Luminal"
"AHNAK2","UPPL1541_PARENTAL_rep_1",-0.0904483691609224,-0.226491474164112,"Luminal"
"AHNAK2","UPPL1541_PARENTAL_rep_2",0.152239035886373,0.187153846321418,"Basal"
"AHNAK2","UPPL1541_PARENTAL_rep_3",0.271051668703125,0.389662458458243,"Basal"
"AHNAK2","UPPL1541_MP1_rep_1",0.272679334593911,0.392436711942499,"Basal"
"AHNAK2","UPPL1541_MP1_rep_2",0.366306913057204,0.552018993075653,"Basal"
"AHNAK2","UPPL1541_MP1_rep_3",0.313599858774194,0.462183155255823,"Basal"
"AHNAK2","BBN963_PARENTAL_rep_1",0.0988792201168243,0.096205417865717,"Basal"
"AHNAK2","BBN963_PARENTAL_rep_2",0.100472126776928,0.0989204264414347,"Basal"
"AHNAK2","BBN963_PARENTAL_rep_3",-0.110619510544333,-0.260871907876665,"Luminal"
